Layout,,,Stock #,,,Description,,,Rest,Length,Repeat,
1 of 47,,,8,,,,,,,600.0,2x,
,,,,,,,,,,,,
,,,,,,,,,,,,
,,,,,,,,,,,,
#,,Part #,,,Description,,,Order #,,Length,Count,
,,,,,,,,,,,,
1,,158,,,,,,,,202.1,1,
2,,156,,,,,,,,199.1,1,
3,,138,,,,,,,,196.8,1,
Layout,,,Stock #,,,Description,,,Rest,Length,Repeat,
2 of 47,,,8,,,,,,,600.0,2x,
,,,,,,,,,,,,
,,,,,,,,,,,,
,,,,,,,,,,,,
#,,Part #,,,Description,,,Order #,,Length,Count,
,,,,,,,,,,,,
1,,116,,,,,,,,201.8,1,
2,,77,,,,,,,,199.0,1,
3,,80,,,,,,,,197.0,1,
Layout,,,Stock #,,,Description,,,Rest,Length,Repeat,
3 of 47,,,8,,,,,,,600.0,2x,
,,,,,,,,,,,,
,,,,,,,,,,,,
,,,,,,,,,,,,
#,,Part #,,,Description,,,Order #,,Length,Count,
,,,,,,,,,,,,
1,,143,,,,,,,,213.8,1,
2,,152,,,,,,,,194.3,1,
3,,44,,,,,,,,189.6,1,
Layout,,,Stock #,,,Description,,,Rest,Length,Repeat,
4 of 47,,,8,,,,,,,600.0,2x,
,,,,,,,,,,,,
,,,,,,,,,,,,
,,,,,,,,,,,,
#,,Part #,,,Description,,,Order #,,Length,Count,
,,,,,,,,,,,,
1,,78,,,,,,,,214.0,1,
2,,108,,,,,,,,202.8,1,
3,,120,,,,,,,,180.8,1,
Layout,,,Stock #,,,Description,,,Rest,Length,Repeat,
5 of 47,,,8,,,,,,,600.0,2x,
,,,,,,,,,,,,
,,,,,,,,,,,,
,,,,,,,,,,,,
#,,Part #,,,Description,,,Order #,,Length,Count,
,,,,,,,,,,,,
1,,174,,,,,,,,223.8,1,
2,,108,,,,,,,,202.8,1,
3,,90,,,,,,,,171.0,1,
Layout,,,Stock #,,,Description,,,Rest,Length,Repeat,
6 of 47,,,8,,,,,,,600.0,4x,
,,,,,,,,,,,,
,,,,,,,,,,,,
,,,,,,,,,,,,
#,,Part #,,,Description,,,Order #,,Length,Count,
,,,,,,,,,,,,
1,,35,,,,,,,,204.0,1,
2,,156,,,,,,,,199.1,1,
3,,23,,,,,,,,194.0,1,
Layout,,,Stock #,,,Description,,,Rest,Length,Repeat,
7 of 47,,,8,,,,,,,600.0,2x,
,,,,,,,,,,,,
,,,,,,,,,,,,
,,,,,,,,,,,,
#,,Part #,,,Description,,,Order #,,Length,Count,
,,,,,,,,,,,,
1,,149,,,,,,,,216.8,1,
2,,120,,,,,,,,180.8,1,
3,,122,,,,,,,,129.8,1,
4,,27,,,,,,,,69.6,1,
Layout,,,Stock #,,,Description,,,Rest,Length,Repeat,
8 of 47,,,8,,,,,,,600.0,2x,
,,,,,,,,,,,,
,,,,,,,,,,,,
,,,,,,,,,,,,
#,,Part #,,,Description,,,Order #,,Length,Count,
,,,,,,,,,,,,
1,,67,,,,,,,,202.0,1,
2,,74,,,,,,,,180.0,1,
3,,76,,,,,,,,154.0,1,
4,,83,,,,,,,,61.0,1,
Layout,,,Stock #,,,Description,,,Rest,Length,Repeat,
9 of 47,,,8,,,,,,,600.0,2x,
,,,,,,,,,,,,
,,,,,,,,,,,,
,,,,,,,,,,,,
#,,Part #,,,Description,,,Order #,,Length,Count,
,,,,,,,,,,,,
1,,82,,,,,,,,209.5,1,
2,,15,,,,,,,,185.2,1,
3,,136,,,,,,,,101.5,1,
4,,93,,,,,,,,100.8,1,
Layout,,,Stock #,,,Description,,,Rest,Length,Repeat,
10 of 47,,,8,,,,,,,600.0,2x,
,,,,,,,,,,,,
,,,,,,,,,,,,
,,,,,,,,,,,,
#,,Part #,,,Description,,,Order #,,Length,Count,
,,,,,,,,,,,,
1,,107,,,,,,,,244.8,1,
2,,121,,,,,,,,178.8,1,
3,,7,,,,,,,,106.5,1,
4,,124,,,,,,,,66.8,1,
Layout,,,Stock #,,,Description,,,Rest,Length,Repeat,
11 of 47,,,8,,,,,,,600.0,2x,
,,,,,,,,,,,,
,,,,,,,,,,,,
,,,,,,,,,,,,
#,,Part #,,,Description,,,Order #,,Length,Count,
,,,,,,,,,,,,
1,,154,,,,,,,,214.8,1,
2,,140,,,,,,,,198.8,1,
3,,139,,,,,,,,123.8,1,
4,,88,,,,,,,,59.5,1,
Layout,,,Stock #,,,Description,,,Rest,Length,Repeat,
12 of 47,,,8,,,,,,,600.0,2x,
,,,,,,,,,,,,
,,,,,,,,,,,,
,,,,,,,,,,,,
#,,Part #,,,Description,,,Order #,,Length,Count,
,,,,,,,,,,,,
1,,64,,,,,,,,218.8,1,
2,,165,,,,,,,,191.1,1,
3,,34,,,,,,,,116.0,1,
4,,172,,,,,,,,70.8,1,
Layout,,,Stock #,,,Description,,,Rest,Length,Repeat,
13 of 47,,,8,,,,,,,600.0,2x,
,,,,,,,,,,,,
,,,,,,,,,,,,
,,,,,,,,,,,,
#,,Part #,,,Description,,,Order #,,Length,Count,
,,,,,,,,,,,,
1,,41,,,,,,,,230.8,1,
2,,78,,,,,,,,214.0,1,
3,,50,,,,,,,,80.8,1,
4,,81,,,,,,,,71.0,1,
Layout,,,Stock #,,,Description,,,Rest,Length,Repeat,
14 of 47,,,8,,,,,,,600.0,2x,
,,,,,,,,,,,,
,,,,,,,,,,,,
,,,,,,,,,,,,
#,,Part #,,,Description,,,Order #,,Length,Count,
,,,,,,,,,,,,
1,,107,,,,,,,,244.8,1,
2,,70,,,,,,,,238.0,1,
3,,131,,,,,,,,66.8,1,
4,,31,,,,,,,,47.0,1,
Layout,,,Stock #,,,Description,,,Rest,Length,Repeat,
15 of 47,,,8,,,,,,,600.0,2x,
,,,,,,,,,,,,
,,,,,,,,,,,,
,,,,,,,,,,,,
#,,Part #,,,Description,,,Order #,,Length,Count,
,,,,,,,,,,,,
1,,160,,,,,,,,222.1,1,
2,,47,,,,,,,,210.8,1,
3,,135,,,,,,,,94.8,1,
4,,54,,,,,,,,68.8,1,
Layout,,,Stock #,,,Description,,,Rest,Length,Repeat,
16 of 47,,,8,,,,,,,600.0,2x,
,,,,,,,,,,,,
,,,,,,,,,,,,
,,,,,,,,,,,,
#,,Part #,,,Description,,,Order #,,Length,Count,
,,,,,,,,,,,,
1,,128,,,,,,,,205.8,1,
2,,176,,,,,,,,191.8,1,
3,,66,,,,,,,,104.0,1,
4,,38,,,,,,,,94.8,1,
Layout,,,Stock #,,,Description,,,Rest,Length,Repeat,
17 of 47,,,8,,,,,,,600.0,2x,
,,,,,,,,,,,,
,,,,,,,,,,,,
,,,,,,,,,,,,
#,,Part #,,,Description,,,Order #,,Length,Count,
,,,,,,,,,,,,
1,,148,,,,,,,,216.3,1,
2,,144,,,,,,,,208.3,1,
3,,6,,,,,,,,88.0,1,
4,,155,,,,,,,,83.8,1,
Layout,,,Stock #,,,Description,,,Rest,Length,Repeat,
18 of 47,,,8,,,,,,,600.0,2x,
,,,,,,,,,,,,
,,,,,,,,,,,,
,,,,,,,,,,,,
#,,Part #,,,Description,,,Order #,,Length,Count,
,,,,,,,,,,,,
1,,63,,,,,,,,208.8,1,
2,,132,,,,,,,,205.3,1,
3,,56,,,,,,,,106.3,1,
4,,150,,,,,,,,75.8,1,
Layout,,,Stock #,,,Description,,,Rest,Length,Repeat,
19 of 47,,,8,,,,,,,600.0,2x,
,,,,,,,,,,,,
,,,,,,,,,,,,
,,,,,,,,,,,,
#,,Part #,,,Description,,,Order #,,Length,Count,
,,,,,,,,,,,,
1,,68,,,,,,,,198.0,1,
2,,168,,,,,,,,195.6,1,
3,,123,,,,,,,,101.8,1,
4,,97,,,,,,,,100.8,1,
Layout,,,Stock #,,,Description,,,Rest,Length,Repeat,
20 of 47,,,8,,,,,,,600.0,2x,
,,,,,,,,,,,,
,,,,,,,,,,,,
,,,,,,,,,,,,
#,,Part #,,,Description,,,Order #,,Length,Count,
,,,,,,,,,,,,
1,,70,,,,,,,,238.0,1,
2,,11,,,,,,,,179.4,1,
3,,175,,,,,,,,89.8,1,
4,,51,,,,,,,,88.8,1,
Layout,,,Stock #,,,Description,,,Rest,Length,Repeat,
21 of 47,,,8,,,,,,,600.0,2x,
,,,,,,,,,,,,
,,,,,,,,,,,,
,,,,,,,,,,,,
#,,Part #,,,Description,,,Order #,,Length,Count,
,,,,,,,,,,,,
1,,104,,,,,,,,201.8,1,
2,,126,,,,,,,,195.8,1,
3,,53,,,,,,,,79.8,1,
4,,46,,,,,,,,67.8,1,
5,,45,,,,,,,,50.8,1,
Layout,,,Stock #,,,Description,,,Rest,Length,Repeat,
22 of 47,,,8,,,,,,,600.0,2x,
,,,,,,,,,,,,
,,,,,,,,,,,,
,,,,,,,,,,,,
#,,Part #,,,Description,,,Order #,,Length,Count,
,,,,,,,,,,,,
1,,170,,,,,,,,196.8,1,
2,,162,,,,,,,,179.1,1,
3,,71,,,,,,,,77.5,1,
4,,105,,,,,,,,73.8,1,
5,,171,,,,,,,,68.8,1,
Layout,,,Stock #,,,Description,,,Rest,Length,Repeat,
23 of 47,,,8,,,,,,,600.0,2x,
,,,,,,,,,,,,
,,,,,,,,,,,,
,,,,,,,,,,,,
#,,Part #,,,Description,,,Order #,,Length,Count,
,,,,,,,,,,,,
1,,130,,,,,,,,191.8,1,
2,,102,,,,,,,,112.8,1,
3,,49,,,,,,,,107.8,1,
4,,24,,,,,,,,103.0,1,
5,,145,,,,,,,,80.3,1,
Layout,,,Stock #,,,Description,,,Rest,Length,Repeat,
24 of 47,,,8,,,,,,,600.0,2x,
,,,,,,,,,,,,
,,,,,,,,,,,,
,,,,,,,,,,,,
#,,Part #,,,Description,,,Order #,,Length,Count,
,,,,,,,,,,,,
1,,134,,,,,,,,190.8,1,
2,,33,,,,,,,,116.0,1,
3,,12,,,,,,,,111.2,1,
4,,110,,,,,,,,109.8,1,
5,,114,,,,,,,,67.8,1,
Layout,,,Stock #,,,Description,,,Rest,Length,Repeat,
25 of 47,,,8,,,,,,,600.0,2x,
,,,,,,,,,,,,
,,,,,,,,,,,,
,,,,,,,,,,,,
#,,Part #,,,Description,,,Order #,,Length,Count,
,,,,,,,,,,,,
1,,173,,,,,,,,186.8,1,
2,,76,,,,,,,,154.0,1,
3,,36,,,,,,,,139.0,1,
4,,72,,,,,,,,65.0,1,
5,,95,,,,,,,,50.8,1,
Layout,,,Stock #,,,Description,,,Rest,Length,Repeat,
26 of 47,,,8,,,,,,,600.0,2x,
,,,,,,,,,,,,
,,,,,,,,,,,,
,,,,,,,,,,,,
#,,Part #,,,Description,,,Order #,,Length,Count,
,,,,,,,,,,,,
1,,39,,,,,,,,142.8,1,
2,,69,,,,,,,,142.0,1,
3,,20,,,,,,,,127.0,1,
4,,9,,,,,,,,106.0,1,
5,,101,,,,,,,,77.8,1,
Layout,,,Stock #,,,Description,,,Rest,Length,Repeat,
27 of 47,,,8,,,,,,,600.0,2x,
,,,,,,,,,,,,
,,,,,,,,,,,,
,,,,,,,,,,,,
#,,Part #,,,Description,,,Order #,,Length,Count,
,,,,,,,,,,,,
1,,17,,,,,,,,185.7,1,
2,,22,,,,,,,,140.7,1,
3,,118,,,,,,,,119.5,1,
4,,21,,,,,,,,83.8,1,
5,,37,,,,,,,,65.8,1,
Layout,,,Stock #,,,Description,,,Rest,Length,Repeat,
28 of 47,,,8,,,,,,,600.0,2x,
,,,,,,,,,,,,
,,,,,,,,,,,,
,,,,,,,,,,,,
#,,Part #,,,Description,,,Order #,,Length,Count,
,,,,,,,,,,,,
1,,166,,,,,,,,193.1,1,
2,,40,,,,,,,,150.8,1,
3,,55,,,,,,,,106.3,1,
4,,43,,,,,,,,74.3,1,
5,,169,,,,,,,,70.8,1,
Layout,,,Stock #,,,Description,,,Rest,Length,Repeat,
29 of 47,,,8,,,,,,,600.0,2x,
,,,,,,,,,,,,
,,,,,,,,,,,,
,,,,,,,,,,,,
#,,Part #,,,Description,,,Order #,,Length,Count,
,,,,,,,,,,,,
1,,119,,,,,,,,149.8,1,
2,,69,,,,,,,,142.0,1,
3,,125,,,,,,,,120.3,1,
4,,110,,,,,,,,109.8,1,
5,,60,,,,,,,,73.3,1,
Layout,,,Stock #,,,Description,,,Rest,Length,Repeat,
30 of 47,,,8,,,,,,,600.0,2x,
,,,,,,,,,,,,
,,,,,,,,,,,,
,,,,,,,,,,,,
#,,Part #,,,Description,,,Order #,,Length,Count,
,,,,,,,,,,,,
1,,73,,,,,,,,195.0,1,
2,,1,,,,,,,,130.0,1,
3,,57,,,,,,,,105.3,1,
4,,94,,,,,,,,90.8,1,
5,,75,,,,,,,,74.0,1,
Layout,,,Stock #,,,Description,,,Rest,Length,Repeat,
31 of 47,,,8,,,,,,,600.0,2x,
,,,,,,,,,,,,
,,,,,,,,,,,,
,,,,,,,,,,,,
#,,Part #,,,Description,,,Order #,,Length,Count,
,,,,,,,,,,,,
1,,84,,,,,,,,215.0,1,
2,,87,,,,,,,,111.5,1,
3,,16,,,,,,,,109.7,1,
4,,4,,,,,,,,108.0,1,
5,,111,,,,,,,,50.8,1,
Layout,,,Stock #,,,Description,,,Rest,Length,Repeat,
32 of 47,,,8,,,,,,,600.0,2x,
,,,,,,,,,,,,
,,,,,,,,,,,,
,,,,,,,,,,,,
#,,Part #,,,Description,,,Order #,,Length,Count,
,,,,,,,,,,,,
1,,48,,,,,,,,193.8,1,
2,,109,,,,,,,,139.8,1,
3,,62,,,,,,,,121.8,1,
4,,129,,,,,,,,70.8,1,
5,,127,,,,,,,,68.8,1,
Layout,,,Stock #,,,Description,,,Rest,Length,Repeat,
33 of 47,,,8,,,,,,,600.0,2x,
,,,,,,,,,,,,
,,,,,,,,,,,,
,,,,,,,,,,,,
#,,Part #,,,Description,,,Order #,,Length,Count,
,,,,,,,,,,,,
1,,117,,,,,,,,119.5,1,
2,,110,,,,,,,,109.8,1,
3,,153,,,,,,,,103.8,1,
4,,147,,,,,,,,99.3,1,
5,,142,,,,,,,,97.8,1,
6,,52,,,,,,,,64.8,1,
Layout,,,Stock #,,,Description,,,Rest,Length,Repeat,
34 of 47,,,8,,,,,,,600.0,2x,
,,,,,,,,,,,,
,,,,,,,,,,,,
,,,,,,,,,,,,
#,,Part #,,,Description,,,Order #,,Length,Count,
,,,,,,,,,,,,
1,,98,,,,,,,,118.8,1,
2,,10,,,,,,,,112.0,1,
3,,86,,,,,,,,96.5,1,
4,,30,,,,,,,,91.4,1,
5,,103,,,,,,,,89.8,1,
6,,8,,,,,,,,86.5,1,
Layout,,,Stock #,,,Description,,,Rest,Length,Repeat,
35 of 47,,,8,,,,,,,600.0,1x,
,,,,,,,,,,,,
,,,,,,,,,,,,
,,,,,,,,,,,,
#,,Part #,,,Description,,,Order #,,Length,Count,
,,,,,,,,,,,,
1,,99,,,,,,,,118.8,2,
2,,42,,,,,,,,105.8,2,
3,,91,,,,,,,,85.0,1,
4,,96,,,,,,,,60.8,1,
Layout,,,Stock #,,,Description,,,Rest,Length,Repeat,
36 of 47,,,8,,,,,,,600.0,2x,
,,,,,,,,,,,,
,,,,,,,,,,,,
,,,,,,,,,,,,
#,,Part #,,,Description,,,Order #,,Length,Count,
,,,,,,,,,,,,
1,,100,,,,,,,,118.8,1,
2,,26,,,,,,,,118.0,1,
3,,151,,,,,,,,107.3,1,
4,,146,,,,,,,,85.3,1,
5,,92,,,,,,,,84.0,1,
6,,115,,,,,,,,81.5,1,
Layout,,,Stock #,,,Description,,,Rest,Length,Repeat,
37 of 47,,,8,,,,,,,600.0,1x,
,,,,,,,,,,,,
,,,,,,,,,,,,
,,,,,,,,,,,,
#,,Part #,,,Description,,,Order #,,Length,Count,
,,,,,,,,,,,,
1,,32,,,,,,,,111.0,1,
2,,5,,,,,,,,108.0,1,
3,,167,,,,,,,,103.3,1,
4,,161,,,,,,,,99.8,1,
5,,164,,,,,,,,87.8,1,
6,,91,,,,,,,,85.0,1,
Layout,,,Stock #,,,Description,,,Rest,Length,Repeat,
38 of 47,,,8,,,,,,,600.0,2x,
,,,,,,,,,,,,
,,,,,,,,,,,,
,,,,,,,,,,,,
#,,Part #,,,Description,,,Order #,,Length,Count,
,,,,,,,,,,,,
1,,117,,,,,,,,119.5,1,
2,,112,,,,,,,,108.8,2,
3,,89,,,,,,,,107.0,1,
4,,93,,,,,,,,100.8,1,
5,,133,,,,,,,,49.8,1,
Layout,,,Stock #,,,Description,,,Rest,Length,Repeat,
39 of 47,,,8,,,,,,,600.0,2x,
,,,,,,,,,,,,
,,,,,,,,,,,,
,,,,,,,,,,,,
#,,Part #,,,Description,,,Order #,,Length,Count,
,,,,,,,,,,,,
1,,98,,,,,,,,118.8,1,
2,,19,,,,,,,,116.0,1,
3,,18,,,,,,,,109.5,1,
4,,113,,,,,,,,108.8,1,
5,,65,,,,,,,,72.0,1,
6,,29,,,,,,,,69.6,1,
Layout,,,Stock #,,,Description,,,Rest,Length,Repeat,
40 of 47,,,8,,,,,,,600.0,2x,
,,,,,,,,,,,,
,,,,,,,,,,,,
,,,,,,,,,,,,
#,,Part #,,,Description,,,Order #,,Length,Count,
,,,,,,,,,,,,
1,,109,,,,,,,,139.8,1,
2,,98,,,,,,,,118.8,1,
3,,79,,,,,,,,97.0,1,
4,,106,,,,,,,,93.8,1,
5,,59,,,,,,,,83.3,1,
6,,61,,,,,,,,61.8,1,
Layout,,,Stock #,,,Description,,,Rest,Length,Repeat,
41 of 47,,,8,,,,,,,600.0,1x,
,,,,,,,,,,,,
,,,,,,,,,,,,
,,,,,,,,,,,,
#,,Part #,,,Description,,,Order #,,Length,Count,
,,,,,,,,,,,,
1,,157,,,,,,,,119.3,1,
2,,99,,,,,,,,118.8,2,
3,,2,,,,,,,,88.0,1,
4,,163,,,,,,,,84.8,1,
5,,159,,,,,,,,64.8,1,
Layout,,,Stock #,,,Description,,,Rest,Length,Repeat,
42 of 47,,,8,,,,,,,600.0,2x,
,,,,,,,,,,,,
,,,,,,,,,,,,
,,,,,,,,,,,,
#,,Part #,,,Description,,,Order #,,Length,Count,
,,,,,,,,,,,,
1,,3,,,,,,,,128.0,1,
2,,85,,,,,,,,121.5,1,
3,,25,,,,,,,,118.0,1,
4,,141,,,,,,,,88.3,1,
5,,101,,,,,,,,77.8,1,
6,,96,,,,,,,,60.8,1,
Layout,,,Stock #,,,Description,,,Rest,Length,Repeat,
43 of 47,,,8,,,,,,,600.0,2x,
,,,,,,,,,,,,
,,,,,,,,,,,,
,,,,,,,,,,,,
#,,Part #,,,Description,,,Order #,,Length,Count,
,,,,,,,,,,,,
1,,100,,,,,,,,118.8,1,
2,,113,,,,,,,,108.8,1,
3,,93,,,,,,,,100.8,1,
4,,137,,,,,,,,90.8,1,
5,,94,,,,,,,,90.8,1,
6,,58,,,,,,,,84.3,1,
Layout,,,Stock #,,,Description,,,Rest,Length,Repeat,
44 of 47,,,8,,,,,,,600.0,2x,
,,,,,,,,,,,,
,,,,,,,,,,,,
,,,,,,,,,,,,
#,,Part #,,,Description,,,Order #,,Length,Count,
,,,,,,,,,,,,
1,,19,,,,,,,,116.0,1,
2,,13,,,,,,,,112.0,1,
3,,14,,,,,,,,110.0,1,
4,,113,,,,,,,,108.8,1,
5,,101,,,,,,,,77.8,1,
6,,28,,,,,,,,69.4,1,
Layout,,,Stock #,,,Description,,,Rest,Length,Repeat,
45 of 47,,,8,,,,,,,600.0,1x,
,,,,,,,,,,,,
,,,,,,,,,,,,
,,,,,,,,,,,,
#,,Part #,,,Description,,,Order #,,Length,Count,
,,,,,,,,,,,,
1,,32,,,,,,,,111.0,1,
2,,5,,,,,,,,108.0,1,
3,,30,,,,,,,,91.4,1,
4,,2,,,,,,,,88.0,1,
5,,155,,,,,,,,83.8,1,
6,,96,,,,,,,,60.8,1,
7,,95,,,,,,,,50.8,1,
Layout,,,Stock #,,,Description,,,Rest,Length,Repeat,
46 of 47,,,5,,,,,,,175.0,1x,
,,,,,,,,,,,,
,,,,,,,,,,,,
,,,,,,,,,,,,
#,,Part #,,,Description,,,Order #,,Length,Count,
,,,,,,,,,,,,
1,,96,,,,,,,,60.8,2,
2,,95,,,,,,,,50.8,1,
Layout,,,Stock #,,,Description,,,Rest,Length,Repeat,
47 of 47,,,3,,,,,,14.6,107.0,1x,
,,,,,,,,,,,,
,,,,,,,,,,,,
,,,,,,,,,,,,
#,,Part #,,,Description,,,Order #,,Length,Count,
,,,,,,,,,,,,
1,,30,,*,,,*,,,91.4,1,
